[{"name":"firebase_options","qualifiedName":"firebase_options","href":"firebase_options/firebase_options-library.html","kind":9,"overriddenDepth":0,"packageRank":0,"desc":""},{"name":"DefaultFirebaseOptions","qualifiedName":"firebase_options.DefaultFirebaseOptions","href":"firebase_options/DefaultFirebaseOptions-class.html","kind":3,"overriddenDepth":0,"packageRank":0,"desc":"Default FirebaseOptions for use with your Firebase apps.","enclosedBy":{"name":"firebase_options","kind":9,"href":"firebase_options/firebase_options-library.html"}},{"name":"DefaultFirebaseOptions","qualifiedName":"firebase_options.DefaultFirebaseOptions.DefaultFirebaseOptions","href":"firebase_options/DefaultFirebaseOptions/DefaultFirebaseOptions.html","kind":2,"overriddenDepth":0,"packageRank":0,"desc":"","enclosedBy":{"name":"DefaultFirebaseOptions","kind":3,"href":"firebase_options/DefaultFirebaseOptions-class.html"}},{"name":"android","qualifiedName":"firebase_options.DefaultFirebaseOptions.android","href":"firebase_options/DefaultFirebaseOptions/android-constant.html","kind":1,"overriddenDepth":0,"packageRank":0,"desc":"","enclosedBy":{"name":"DefaultFirebaseOptions","kind":3,"href":"firebase_options/DefaultFirebaseOptions-class.html"}},{"name":"currentPlatform","qualifiedName":"firebase_options.DefaultFirebaseOptions.currentPlatform","href":"firebase_options/DefaultFirebaseOptions/currentPlatform.html","kind":16,"overriddenDepth":0,"packageRank":0,"desc":"","enclosedBy":{"name":"DefaultFirebaseOptions","kind":3,"href":"firebase_options/DefaultFirebaseOptions-class.html"}},{"name":"ios","qualifiedName":"firebase_options.DefaultFirebaseOptions.ios","href":"firebase_options/DefaultFirebaseOptions/ios-constant.html","kind":1,"overriddenDepth":0,"packageRank":0,"desc":"","enclosedBy":{"name":"DefaultFirebaseOptions","kind":3,"href":"firebase_options/DefaultFirebaseOptions-class.html"}},{"name":"main","qualifiedName":"main","href":"main/main-library.html","kind":9,"overriddenDepth":0,"packageRank":0,"desc":""},{"name":"MyApp","qualifiedName":"main.MyApp","href":"main/MyApp-class.html","kind":3,"overriddenDepth":0,"packageRank":0,"desc":"","enclosedBy":{"name":"main","kind":9,"href":"main/main-library.html"}},{"name":"MyApp","qualifiedName":"main.MyApp.MyApp","href":"main/MyApp/MyApp.html","kind":2,"overriddenDepth":0,"packageRank":0,"desc":"","enclosedBy":{"name":"MyApp","kind":3,"href":"main/MyApp-class.html"}},{"name":"build","qualifiedName":"main.MyApp.build","href":"main/MyApp/build.html","kind":10,"overriddenDepth":1,"packageRank":0,"desc":"Describes the part of the user interface represented by this widget.","enclosedBy":{"name":"MyApp","kind":3,"href":"main/MyApp-class.html"}},{"name":"main","qualifiedName":"main.main","href":"main/main.html","kind":8,"overriddenDepth":0,"packageRank":0,"desc":"","enclosedBy":{"name":"main","kind":9,"href":"main/main-library.html"}}]
